[
  {
    "name": "WhatsApp",
    "nameFa": "واتس اپ",
    "logo": "https://raw.githubusercontent.com/MatinDehghanian/public-assets/refs/heads/main/icons/WhatsApp.svg",
    "contact_link": "https://wa.me/your-number"
  },
  {
    "name": "Telegram",
    "nameFa": "تلگرام",
    "logo": "https://raw.githubusercontent.com/MatinDehghanian/public-assets/refs/heads/main/icons/Telegram.svg",
    "contact_link": "https://t.me/your-username"
  },
  {
    "name": "Instagram",
    "nameFa": "اینستاگرام",
    "logo": "https://raw.githubusercontent.com/MatinDehghanian/public-assets/refs/heads/main/icons/Instagram.png",
    "contact_link": "https://www.instagram.com/your-username"
  },
  {
    "name": "Phone Number",
    "nameFa": "شماره تلفن",
    "logo": "https://raw.githubusercontent.com/MatinDehghanian/public-assets/refs/heads/main/icons/Phone_iOS.png",
    "contact_link": "tel:+your-phone-number"
  }
]
